system:index,Area (sq m),From Class,To Class,.geo
4,6583.0,WATER BODIES,ARTIFICIAL SURFACES,"{""type"":""MultiPoint"",""coordinates"":[]}"
14,1.32410962E8,AGRICULTURAL AREAS,ARTIFICIAL SURFACES,"{""type"":""MultiPoint"",""coordinates"":[]}"
15,757124.0,AGRICULTURAL AREAS,ARTIFICIAL SURFACES,"{""type"":""MultiPoint"",""coordinates"":[]}"
16,8202317.0,AGRICULTURAL AREAS,ARTIFICIAL SURFACES,"{""type"":""MultiPoint"",""coordinates"":[]}"
17,2.5247166E7,AGRICULTURAL AREAS,ARTIFICIAL SURFACES,"{""type"":""MultiPoint"",""coordinates"":[]}"
18,6.1974025E7,AGRICULTURAL AREAS,ARTIFICIAL SURFACES,"{""type"":""MultiPoint"",""coordinates"":[]}"
19,1.375504E7,AGRICULTURAL AREAS,ARTIFICIAL SURFACES,"{""type"":""MultiPoint"",""coordinates"":[]}"
20,2.2942423E7,FOREST AND SEMI[1]NATURAL AREAS,ARTIFICIAL SURFACES,"{""type"":""MultiPoint"",""coordinates"":[]}"
21,1163311.0,FOREST AND SEMI[1]NATURAL AREAS,ARTIFICIAL SURFACES,"{""type"":""MultiPoint"",""coordinates"":[]}"
22,533002.0,FOREST AND SEMI[1]NATURAL AREAS,ARTIFICIAL SURFACES,"{""type"":""MultiPoint"",""coordinates"":[]}"
23,423900.0,FOREST AND SEMI[1]NATURAL AREAS,ARTIFICIAL SURFACES,"{""type"":""MultiPoint"",""coordinates"":[]}"
24,482330.0,FOREST AND SEMI[1]NATURAL AREAS,ARTIFICIAL SURFACES,"{""type"":""MultiPoint"",""coordinates"":[]}"
25,245067.0,WETLANDS,ARTIFICIAL SURFACES,"{""type"":""MultiPoint"",""coordinates"":[]}"
26,125047.0,WATER BODIES,ARTIFICIAL SURFACES,"{""type"":""MultiPoint"",""coordinates"":[]}"
27,46531.0,WATER BODIES,ARTIFICIAL SURFACES,"{""type"":""MultiPoint"",""coordinates"":[]}"
38,8.3772171E7,AGRICULTURAL AREAS,ARTIFICIAL SURFACES,"{""type"":""MultiPoint"",""coordinates"":[]}"
39,1811445.0,AGRICULTURAL AREAS,ARTIFICIAL SURFACES,"{""type"":""MultiPoint"",""coordinates"":[]}"
40,7904437.0,AGRICULTURAL AREAS,ARTIFICIAL SURFACES,"{""type"":""MultiPoint"",""coordinates"":[]}"
41,4604462.0,AGRICULTURAL AREAS,ARTIFICIAL SURFACES,"{""type"":""MultiPoint"",""coordinates"":[]}"
42,1713304.0,AGRICULTURAL AREAS,ARTIFICIAL SURFACES,"{""type"":""MultiPoint"",""coordinates"":[]}"
43,6241454.0,FOREST AND SEMI[1]NATURAL AREAS,ARTIFICIAL SURFACES,"{""type"":""MultiPoint"",""coordinates"":[]}"
44,239830.0,FOREST AND SEMI[1]NATURAL AREAS,ARTIFICIAL SURFACES,"{""type"":""MultiPoint"",""coordinates"":[]}"
45,182041.0,FOREST AND SEMI[1]NATURAL AREAS,ARTIFICIAL SURFACES,"{""type"":""MultiPoint"",""coordinates"":[]}"
46,428947.0,FOREST AND SEMI[1]NATURAL AREAS,ARTIFICIAL SURFACES,"{""type"":""MultiPoint"",""coordinates"":[]}"
47,737474.0,FOREST AND SEMI[1]NATURAL AREAS,ARTIFICIAL SURFACES,"{""type"":""MultiPoint"",""coordinates"":[]}"
48,198109.0,FOREST AND SEMI[1]NATURAL AREAS,ARTIFICIAL SURFACES,"{""type"":""MultiPoint"",""coordinates"":[]}"
49,191041.0,WATER BODIES,ARTIFICIAL SURFACES,"{""type"":""MultiPoint"",""coordinates"":[]}"
50,26614.0,WATER BODIES,ARTIFICIAL SURFACES,"{""type"":""MultiPoint"",""coordinates"":[]}"
57,2.0683772E7,AGRICULTURAL AREAS,ARTIFICIAL SURFACES,"{""type"":""MultiPoint"",""coordinates"":[]}"
58,355073.0,AGRICULTURAL AREAS,ARTIFICIAL SURFACES,"{""type"":""MultiPoint"",""coordinates"":[]}"
59,564747.0,AGRICULTURAL AREAS,ARTIFICIAL SURFACES,"{""type"":""MultiPoint"",""coordinates"":[]}"
60,87023.0,AGRICULTURAL AREAS,ARTIFICIAL SURFACES,"{""type"":""MultiPoint"",""coordinates"":[]}"
61,244153.0,AGRICULTURAL AREAS,ARTIFICIAL SURFACES,"{""type"":""MultiPoint"",""coordinates"":[]}"
62,1637367.0,FOREST AND SEMI[1]NATURAL AREAS,ARTIFICIAL SURFACES,"{""type"":""MultiPoint"",""coordinates"":[]}"
63,19935.0,WATER BODIES,ARTIFICIAL SURFACES,"{""type"":""MultiPoint"",""coordinates"":[]}"
64,73128.0,WATER BODIES,ARTIFICIAL SURFACES,"{""type"":""MultiPoint"",""coordinates"":[]}"
67,216901.0,AGRICULTURAL AREAS,ARTIFICIAL SURFACES,"{""type"":""MultiPoint"",""coordinates"":[]}"
68,26278.0,AGRICULTURAL AREAS,ARTIFICIAL SURFACES,"{""type"":""MultiPoint"",""coordinates"":[]}"
69,6615.0,WATER BODIES,ARTIFICIAL SURFACES,"{""type"":""MultiPoint"",""coordinates"":[]}"
74,4328336.0,AGRICULTURAL AREAS,ARTIFICIAL SURFACES,"{""type"":""MultiPoint"",""coordinates"":[]}"
75,886612.0,AGRICULTURAL AREAS,ARTIFICIAL SURFACES,"{""type"":""MultiPoint"",""coordinates"":[]}"
76,32858.0,AGRICULTURAL AREAS,ARTIFICIAL SURFACES,"{""type"":""MultiPoint"",""coordinates"":[]}"
77,26787.0,AGRICULTURAL AREAS,ARTIFICIAL SURFACES,"{""type"":""MultiPoint"",""coordinates"":[]}"
78,119105.0,FOREST AND SEMI[1]NATURAL AREAS,ARTIFICIAL SURFACES,"{""type"":""MultiPoint"",""coordinates"":[]}"
79,26858.0,FOREST AND SEMI[1]NATURAL AREAS,ARTIFICIAL SURFACES,"{""type"":""MultiPoint"",""coordinates"":[]}"
85,1.6350403E7,AGRICULTURAL AREAS,ARTIFICIAL SURFACES,"{""type"":""MultiPoint"",""coordinates"":[]}"
86,2231771.0,AGRICULTURAL AREAS,ARTIFICIAL SURFACES,"{""type"":""MultiPoint"",""coordinates"":[]}"
87,152944.0,AGRICULTURAL AREAS,ARTIFICIAL SURFACES,"{""type"":""MultiPoint"",""coordinates"":[]}"
88,4887498.0,FOREST AND SEMI[1]NATURAL AREAS,ARTIFICIAL SURFACES,"{""type"":""MultiPoint"",""coordinates"":[]}"
89,79822.0,FOREST AND SEMI[1]NATURAL AREAS,ARTIFICIAL SURFACES,"{""type"":""MultiPoint"",""coordinates"":[]}"
90,1037015.0,FOREST AND SEMI[1]NATURAL AREAS,ARTIFICIAL SURFACES,"{""type"":""MultiPoint"",""coordinates"":[]}"
91,295722.0,FOREST AND SEMI[1]NATURAL AREAS,ARTIFICIAL SURFACES,"{""type"":""MultiPoint"",""coordinates"":[]}"
92,269066.0,FOREST AND SEMI[1]NATURAL AREAS,ARTIFICIAL SURFACES,"{""type"":""MultiPoint"",""coordinates"":[]}"
93,226872.0,WATER BODIES,ARTIFICIAL SURFACES,"{""type"":""MultiPoint"",""coordinates"":[]}"
97,5297464.0,AGRICULTURAL AREAS,ARTIFICIAL SURFACES,"{""type"":""MultiPoint"",""coordinates"":[]}"
98,6560.0,AGRICULTURAL AREAS,ARTIFICIAL SURFACES,"{""type"":""MultiPoint"",""coordinates"":[]}"
99,390711.0,AGRICULTURAL AREAS,ARTIFICIAL SURFACES,"{""type"":""MultiPoint"",""coordinates"":[]}"
100,540542.0,FOREST AND SEMI[1]NATURAL AREAS,ARTIFICIAL SURFACES,"{""type"":""MultiPoint"",""coordinates"":[]}"
101,308380.0,FOREST AND SEMI[1]NATURAL AREAS,ARTIFICIAL SURFACES,"{""type"":""MultiPoint"",""coordinates"":[]}"
106,3912585.0,AGRICULTURAL AREAS,ARTIFICIAL SURFACES,"{""type"":""MultiPoint"",""coordinates"":[]}"
107,52467.0,AGRICULTURAL AREAS,ARTIFICIAL SURFACES,"{""type"":""MultiPoint"",""coordinates"":[]}"
108,98560.0,AGRICULTURAL AREAS,ARTIFICIAL SURFACES,"{""type"":""MultiPoint"",""coordinates"":[]}"
109,262859.0,AGRICULTURAL AREAS,ARTIFICIAL SURFACES,"{""type"":""MultiPoint"",""coordinates"":[]}"
110,59076.0,FOREST AND SEMI[1]NATURAL AREAS,ARTIFICIAL SURFACES,"{""type"":""MultiPoint"",""coordinates"":[]}"
116,257728.0,AGRICULTURAL AREAS,ARTIFICIAL SURFACES,"{""type"":""MultiPoint"",""coordinates"":[]}"
117,236648.0,AGRICULTURAL AREAS,ARTIFICIAL SURFACES,"{""type"":""MultiPoint"",""coordinates"":[]}"
118,2694231.0,AGRICULTURAL AREAS,ARTIFICIAL SURFACES,"{""type"":""MultiPoint"",""coordinates"":[]}"
119,377104.0,AGRICULTURAL AREAS,ARTIFICIAL SURFACES,"{""type"":""MultiPoint"",""coordinates"":[]}"
120,1.0609382E7,FOREST AND SEMI[1]NATURAL AREAS,ARTIFICIAL SURFACES,"{""type"":""MultiPoint"",""coordinates"":[]}"
121,261201.0,FOREST AND SEMI[1]NATURAL AREAS,ARTIFICIAL SURFACES,"{""type"":""MultiPoint"",""coordinates"":[]}"
122,13169.0,WATER BODIES,ARTIFICIAL SURFACES,"{""type"":""MultiPoint"",""coordinates"":[]}"
131,1.2843408E7,AGRICULTURAL AREAS,ARTIFICIAL SURFACES,"{""type"":""MultiPoint"",""coordinates"":[]}"
132,3600385.0,AGRICULTURAL AREAS,ARTIFICIAL SURFACES,"{""type"":""MultiPoint"",""coordinates"":[]}"
133,115129.0,AGRICULTURAL AREAS,ARTIFICIAL SURFACES,"{""type"":""MultiPoint"",""coordinates"":[]}"
134,263402.0,AGRICULTURAL AREAS,ARTIFICIAL SURFACES,"{""type"":""MultiPoint"",""coordinates"":[]}"
135,3277659.0,FOREST AND SEMI[1]NATURAL AREAS,ARTIFICIAL SURFACES,"{""type"":""MultiPoint"",""coordinates"":[]}"
136,438600.0,FOREST AND SEMI[1]NATURAL AREAS,ARTIFICIAL SURFACES,"{""type"":""MultiPoint"",""coordinates"":[]}"
137,1738143.0,FOREST AND SEMI[1]NATURAL AREAS,ARTIFICIAL SURFACES,"{""type"":""MultiPoint"",""coordinates"":[]}"
138,559911.0,FOREST AND SEMI[1]NATURAL AREAS,ARTIFICIAL SURFACES,"{""type"":""MultiPoint"",""coordinates"":[]}"
139,6562.0,WATER BODIES,ARTIFICIAL SURFACES,"{""type"":""MultiPoint"",""coordinates"":[]}"
140,39882.0,WATER BODIES,ARTIFICIAL SURFACES,"{""type"":""MultiPoint"",""coordinates"":[]}"
141,1.0383979E7,ARTIFICIAL SURFACES,AGRICULTURAL AREAS,"{""type"":""MultiPoint"",""coordinates"":[]}"
142,924823.0,ARTIFICIAL SURFACES,AGRICULTURAL AREAS,"{""type"":""MultiPoint"",""coordinates"":[]}"
143,13148.0,ARTIFICIAL SURFACES,AGRICULTURAL AREAS,"{""type"":""MultiPoint"",""coordinates"":[]}"
144,1283231.0,ARTIFICIAL SURFACES,AGRICULTURAL AREAS,"{""type"":""MultiPoint"",""coordinates"":[]}"
145,6356712.0,ARTIFICIAL SURFACES,AGRICULTURAL AREAS,"{""type"":""MultiPoint"",""coordinates"":[]}"
146,124534.0,ARTIFICIAL SURFACES,AGRICULTURAL AREAS,"{""type"":""MultiPoint"",""coordinates"":[]}"
147,1721075.0,ARTIFICIAL SURFACES,AGRICULTURAL AREAS,"{""type"":""MultiPoint"",""coordinates"":[]}"
148,52592.0,ARTIFICIAL SURFACES,AGRICULTURAL AREAS,"{""type"":""MultiPoint"",""coordinates"":[]}"
149,396868.0,ARTIFICIAL SURFACES,AGRICULTURAL AREAS,"{""type"":""MultiPoint"",""coordinates"":[]}"
156,3.2179333E7,FOREST AND SEMI[1]NATURAL AREAS,AGRICULTURAL AREAS,"{""type"":""MultiPoint"",""coordinates"":[]}"
157,6472575.0,FOREST AND SEMI[1]NATURAL AREAS,AGRICULTURAL AREAS,"{""type"":""MultiPoint"",""coordinates"":[]}"
158,2597589.0,FOREST AND SEMI[1]NATURAL AREAS,AGRICULTURAL AREAS,"{""type"":""MultiPoint"",""coordinates"":[]}"
159,336302.0,FOREST AND SEMI[1]NATURAL AREAS,AGRICULTURAL AREAS,"{""type"":""MultiPoint"",""coordinates"":[]}"
160,1209085.0,FOREST AND SEMI[1]NATURAL AREAS,AGRICULTURAL AREAS,"{""type"":""MultiPoint"",""coordinates"":[]}"
161,2219283.0,FOREST AND SEMI[1]NATURAL AREAS,AGRICULTURAL AREAS,"{""type"":""MultiPoint"",""coordinates"":[]}"
162,610260.0,WETLANDS,AGRICULTURAL AREAS,"{""type"":""MultiPoint"",""coordinates"":[]}"
163,46632.0,WATER BODIES,AGRICULTURAL AREAS,"{""type"":""MultiPoint"",""coordinates"":[]}"
164,698403.0,WATER BODIES,AGRICULTURAL AREAS,"{""type"":""MultiPoint"",""coordinates"":[]}"
165,33281.0,ARTIFICIAL SURFACES,AGRICULTURAL AREAS,"{""type"":""MultiPoint"",""coordinates"":[]}"
172,1229167.0,FOREST AND SEMI[1]NATURAL AREAS,AGRICULTURAL AREAS,"{""type"":""MultiPoint"",""coordinates"":[]}"
173,314437.0,FOREST AND SEMI[1]NATURAL AREAS,AGRICULTURAL AREAS,"{""type"":""MultiPoint"",""coordinates"":[]}"
174,322442.0,FOREST AND SEMI[1]NATURAL AREAS,AGRICULTURAL AREAS,"{""type"":""MultiPoint"",""coordinates"":[]}"
175,141363.0,FOREST AND SEMI[1]NATURAL AREAS,AGRICULTURAL AREAS,"{""type"":""MultiPoint"",""coordinates"":[]}"
176,13142.0,ARTIFICIAL SURFACES,AGRICULTURAL AREAS,"{""type"":""MultiPoint"",""coordinates"":[]}"
183,46020.0,FOREST AND SEMI[1]NATURAL AREAS,AGRICULTURAL AREAS,"{""type"":""MultiPoint"",""coordinates"":[]}"
184,33641.0,FOREST AND SEMI[1]NATURAL AREAS,AGRICULTURAL AREAS,"{""type"":""MultiPoint"",""coordinates"":[]}"
185,1839748.0,ARTIFICIAL SURFACES,AGRICULTURAL AREAS,"{""type"":""MultiPoint"",""coordinates"":[]}"
186,368874.0,ARTIFICIAL SURFACES,AGRICULTURAL AREAS,"{""type"":""MultiPoint"",""coordinates"":[]}"
187,19903.0,ARTIFICIAL SURFACES,AGRICULTURAL AREAS,"{""type"":""MultiPoint"",""coordinates"":[]}"
188,2452344.0,ARTIFICIAL SURFACES,AGRICULTURAL AREAS,"{""type"":""MultiPoint"",""coordinates"":[]}"
189,691189.0,ARTIFICIAL SURFACES,AGRICULTURAL AREAS,"{""type"":""MultiPoint"",""coordinates"":[]}"
190,283040.0,ARTIFICIAL SURFACES,AGRICULTURAL AREAS,"{""type"":""MultiPoint"",""coordinates"":[]}"
197,1.0255934E7,FOREST AND SEMI[1]NATURAL AREAS,AGRICULTURAL AREAS,"{""type"":""MultiPoint"",""coordinates"":[]}"
198,1055690.0,FOREST AND SEMI[1]NATURAL AREAS,AGRICULTURAL AREAS,"{""type"":""MultiPoint"",""coordinates"":[]}"
199,467926.0,FOREST AND SEMI[1]NATURAL AREAS,AGRICULTURAL AREAS,"{""type"":""MultiPoint"",""coordinates"":[]}"
200,33870.0,FOREST AND SEMI[1]NATURAL AREAS,AGRICULTURAL AREAS,"{""type"":""MultiPoint"",""coordinates"":[]}"
201,190648.0,FOREST AND SEMI[1]NATURAL AREAS,AGRICULTURAL AREAS,"{""type"":""MultiPoint"",""coordinates"":[]}"
202,611471.0,FOREST AND SEMI[1]NATURAL AREAS,AGRICULTURAL AREAS,"{""type"":""MultiPoint"",""coordinates"":[]}"
203,446073.0,FOREST AND SEMI[1]NATURAL AREAS,AGRICULTURAL AREAS,"{""type"":""MultiPoint"",""coordinates"":[]}"
204,593339.0,WETLANDS,AGRICULTURAL AREAS,"{""type"":""MultiPoint"",""coordinates"":[]}"
205,26291.0,WATER BODIES,AGRICULTURAL AREAS,"{""type"":""MultiPoint"",""coordinates"":[]}"
206,562224.0,WATER BODIES,AGRICULTURAL AREAS,"{""type"":""MultiPoint"",""coordinates"":[]}"
207,9443963.0,ARTIFICIAL SURFACES,AGRICULTURAL AREAS,"{""type"":""MultiPoint"",""coordinates"":[]}"
208,217782.0,ARTIFICIAL SURFACES,AGRICULTURAL AREAS,"{""type"":""MultiPoint"",""coordinates"":[]}"
209,13164.0,ARTIFICIAL SURFACES,AGRICULTURAL AREAS,"{""type"":""MultiPoint"",""coordinates"":[]}"
210,13524.0,ARTIFICIAL SURFACES,AGRICULTURAL AREAS,"{""type"":""MultiPoint"",""coordinates"":[]}"
211,847582.0,ARTIFICIAL SURFACES,AGRICULTURAL AREAS,"{""type"":""MultiPoint"",""coordinates"":[]}"
212,190519.0,ARTIFICIAL SURFACES,AGRICULTURAL AREAS,"{""type"":""MultiPoint"",""coordinates"":[]}"
219,2883693.0,FOREST AND SEMI[1]NATURAL AREAS,AGRICULTURAL AREAS,"{""type"":""MultiPoint"",""coordinates"":[]}"
220,603213.0,FOREST AND SEMI[1]NATURAL AREAS,AGRICULTURAL AREAS,"{""type"":""MultiPoint"",""coordinates"":[]}"
221,345238.0,FOREST AND SEMI[1]NATURAL AREAS,AGRICULTURAL AREAS,"{""type"":""MultiPoint"",""coordinates"":[]}"
222,268723.0,FOREST AND SEMI[1]NATURAL AREAS,AGRICULTURAL AREAS,"{""type"":""MultiPoint"",""coordinates"":[]}"
223,39539.0,WETLANDS,AGRICULTURAL AREAS,"{""type"":""MultiPoint"",""coordinates"":[]}"
224,13180.0,WETLANDS,AGRICULTURAL AREAS,"{""type"":""MultiPoint"",""coordinates"":[]}"
225,6583.0,WATER BODIES,AGRICULTURAL AREAS,"{""type"":""MultiPoint"",""coordinates"":[]}"
226,305883.0,WATER BODIES,AGRICULTURAL AREAS,"{""type"":""MultiPoint"",""coordinates"":[]}"
227,1195337.0,ARTIFICIAL SURFACES,AGRICULTURAL AREAS,"{""type"":""MultiPoint"",""coordinates"":[]}"
228,46917.0,ARTIFICIAL SURFACES,AGRICULTURAL AREAS,"{""type"":""MultiPoint"",""coordinates"":[]}"
229,2021399.0,ARTIFICIAL SURFACES,AGRICULTURAL AREAS,"{""type"":""MultiPoint"",""coordinates"":[]}"
230,92299.0,ARTIFICIAL SURFACES,AGRICULTURAL AREAS,"{""type"":""MultiPoint"",""coordinates"":[]}"
237,1.0486139E7,FOREST AND SEMI[1]NATURAL AREAS,AGRICULTURAL AREAS,"{""type"":""MultiPoint"",""coordinates"":[]}"
238,737530.0,FOREST AND SEMI[1]NATURAL AREAS,AGRICULTURAL AREAS,"{""type"":""MultiPoint"",""coordinates"":[]}"
239,745509.0,FOREST AND SEMI[1]NATURAL AREAS,AGRICULTURAL AREAS,"{""type"":""MultiPoint"",""coordinates"":[]}"
240,714388.0,FOREST AND SEMI[1]NATURAL AREAS,AGRICULTURAL AREAS,"{""type"":""MultiPoint"",""coordinates"":[]}"
241,438815.0,FOREST AND SEMI[1]NATURAL AREAS,AGRICULTURAL AREAS,"{""type"":""MultiPoint"",""coordinates"":[]}"
242,1059769.0,FOREST AND SEMI[1]NATURAL AREAS,AGRICULTURAL AREAS,"{""type"":""MultiPoint"",""coordinates"":[]}"
243,86584.0,WATER BODIES,AGRICULTURAL AREAS,"{""type"":""MultiPoint"",""coordinates"":[]}"
244,266249.0,WATER BODIES,AGRICULTURAL AREAS,"{""type"":""MultiPoint"",""coordinates"":[]}"
245,2264072.0,ARTIFICIAL SURFACES,FOREST AND SEMI[1]NATURAL AREAS,"{""type"":""MultiPoint"",""coordinates"":[]}"
246,577278.0,ARTIFICIAL SURFACES,FOREST AND SEMI[1]NATURAL AREAS,"{""type"":""MultiPoint"",""coordinates"":[]}"
247,13175.0,ARTIFICIAL SURFACES,FOREST AND SEMI[1]NATURAL AREAS,"{""type"":""MultiPoint"",""coordinates"":[]}"
248,40259.0,ARTIFICIAL SURFACES,FOREST AND SEMI[1]NATURAL AREAS,"{""type"":""MultiPoint"",""coordinates"":[]}"
249,2816571.0,ARTIFICIAL SURFACES,FOREST AND SEMI[1]NATURAL AREAS,"{""type"":""MultiPoint"",""coordinates"":[]}"
250,19894.0,ARTIFICIAL SURFACES,FOREST AND SEMI[1]NATURAL AREAS,"{""type"":""MultiPoint"",""coordinates"":[]}"
251,264516.0,ARTIFICIAL SURFACES,FOREST AND SEMI[1]NATURAL AREAS,"{""type"":""MultiPoint"",""coordinates"":[]}"
252,2.4087139E7,AGRICULTURAL AREAS,FOREST AND SEMI[1]NATURAL AREAS,"{""type"":""MultiPoint"",""coordinates"":[]}"
253,473123.0,AGRICULTURAL AREAS,FOREST AND SEMI[1]NATURAL AREAS,"{""type"":""MultiPoint"",""coordinates"":[]}"
254,1426683.0,AGRICULTURAL AREAS,FOREST AND SEMI[1]NATURAL AREAS,"{""type"":""MultiPoint"",""coordinates"":[]}"
255,1.8167037E7,AGRICULTURAL AREAS,FOREST AND SEMI[1]NATURAL AREAS,"{""type"":""MultiPoint"",""coordinates"":[]}"
256,1658560.0,AGRICULTURAL AREAS,FOREST AND SEMI[1]NATURAL AREAS,"{""type"":""MultiPoint"",""coordinates"":[]}"
257,5554087.0,AGRICULTURAL AREAS,FOREST AND SEMI[1]NATURAL AREAS,"{""type"":""MultiPoint"",""coordinates"":[]}"
264,445037.0,WETLANDS,FOREST AND SEMI[1]NATURAL AREAS,"{""type"":""MultiPoint"",""coordinates"":[]}"
265,53205.0,WATER BODIES,FOREST AND SEMI[1]NATURAL AREAS,"{""type"":""MultiPoint"",""coordinates"":[]}"
266,445927.0,WATER BODIES,FOREST AND SEMI[1]NATURAL AREAS,"{""type"":""MultiPoint"",""coordinates"":[]}"
267,13412.0,ARTIFICIAL SURFACES,FOREST AND SEMI[1]NATURAL AREAS,"{""type"":""MultiPoint"",""coordinates"":[]}"
268,13260.0,ARTIFICIAL SURFACES,FOREST AND SEMI[1]NATURAL AREAS,"{""type"":""MultiPoint"",""coordinates"":[]}"
269,299352.0,ARTIFICIAL SURFACES,FOREST AND SEMI[1]NATURAL AREAS,"{""type"":""MultiPoint"",""coordinates"":[]}"
270,6640.0,ARTIFICIAL SURFACES,FOREST AND SEMI[1]NATURAL AREAS,"{""type"":""MultiPoint"",""coordinates"":[]}"
271,4065500.0,AGRICULTURAL AREAS,FOREST AND SEMI[1]NATURAL AREAS,"{""type"":""MultiPoint"",""coordinates"":[]}"
272,174052.0,AGRICULTURAL AREAS,FOREST AND SEMI[1]NATURAL AREAS,"{""type"":""MultiPoint"",""coordinates"":[]}"
273,2136320.0,AGRICULTURAL AREAS,FOREST AND SEMI[1]NATURAL AREAS,"{""type"":""MultiPoint"",""coordinates"":[]}"
274,121495.0,AGRICULTURAL AREAS,FOREST AND SEMI[1]NATURAL AREAS,"{""type"":""MultiPoint"",""coordinates"":[]}"
275,208881.0,AGRICULTURAL AREAS,FOREST AND SEMI[1]NATURAL AREAS,"{""type"":""MultiPoint"",""coordinates"":[]}"
282,20122.0,WATER BODIES,FOREST AND SEMI[1]NATURAL AREAS,"{""type"":""MultiPoint"",""coordinates"":[]}"
283,33379.0,ARTIFICIAL SURFACES,FOREST AND SEMI[1]NATURAL AREAS,"{""type"":""MultiPoint"",""coordinates"":[]}"
284,6700.0,ARTIFICIAL SURFACES,FOREST AND SEMI[1]NATURAL AREAS,"{""type"":""MultiPoint"",""coordinates"":[]}"
285,1534420.0,AGRICULTURAL AREAS,FOREST AND SEMI[1]NATURAL AREAS,"{""type"":""MultiPoint"",""coordinates"":[]}"
286,140605.0,AGRICULTURAL AREAS,FOREST AND SEMI[1]NATURAL AREAS,"{""type"":""MultiPoint"",""coordinates"":[]}"
287,1119065.0,AGRICULTURAL AREAS,FOREST AND SEMI[1]NATURAL AREAS,"{""type"":""MultiPoint"",""coordinates"":[]}"
288,147757.0,AGRICULTURAL AREAS,FOREST AND SEMI[1]NATURAL AREAS,"{""type"":""MultiPoint"",""coordinates"":[]}"
289,434627.0,AGRICULTURAL AREAS,FOREST AND SEMI[1]NATURAL AREAS,"{""type"":""MultiPoint"",""coordinates"":[]}"
295,13581.0,WATER BODIES,FOREST AND SEMI[1]NATURAL AREAS,"{""type"":""MultiPoint"",""coordinates"":[]}"
298,78851.0,ARTIFICIAL SURFACES,FOREST AND SEMI[1]NATURAL AREAS,"{""type"":""MultiPoint"",""coordinates"":[]}"
299,1106540.0,ARTIFICIAL SURFACES,FOREST AND SEMI[1]NATURAL AREAS,"{""type"":""MultiPoint"",""coordinates"":[]}"
300,329997.0,ARTIFICIAL SURFACES,FOREST AND SEMI[1]NATURAL AREAS,"{""type"":""MultiPoint"",""coordinates"":[]}"
301,2297090.0,AGRICULTURAL AREAS,FOREST AND SEMI[1]NATURAL AREAS,"{""type"":""MultiPoint"",""coordinates"":[]}"
302,2812464.0,AGRICULTURAL AREAS,FOREST AND SEMI[1]NATURAL AREAS,"{""type"":""MultiPoint"",""coordinates"":[]}"
303,6645.0,AGRICULTURAL AREAS,FOREST AND SEMI[1]NATURAL AREAS,"{""type"":""MultiPoint"",""coordinates"":[]}"
310,203887.0,ARTIFICIAL SURFACES,FOREST AND SEMI[1]NATURAL AREAS,"{""type"":""MultiPoint"",""coordinates"":[]}"
311,85585.0,ARTIFICIAL SURFACES,FOREST AND SEMI[1]NATURAL AREAS,"{""type"":""MultiPoint"",""coordinates"":[]}"
312,7933184.0,ARTIFICIAL SURFACES,FOREST AND SEMI[1]NATURAL AREAS,"{""type"":""MultiPoint"",""coordinates"":[]}"
313,131089.0,ARTIFICIAL SURFACES,FOREST AND SEMI[1]NATURAL AREAS,"{""type"":""MultiPoint"",""coordinates"":[]}"
314,6630.0,ARTIFICIAL SURFACES,FOREST AND SEMI[1]NATURAL AREAS,"{""type"":""MultiPoint"",""coordinates"":[]}"
315,4985143.0,AGRICULTURAL AREAS,FOREST AND SEMI[1]NATURAL AREAS,"{""type"":""MultiPoint"",""coordinates"":[]}"
316,4884236.0,AGRICULTURAL AREAS,FOREST AND SEMI[1]NATURAL AREAS,"{""type"":""MultiPoint"",""coordinates"":[]}"
317,19713.0,AGRICULTURAL AREAS,FOREST AND SEMI[1]NATURAL AREAS,"{""type"":""MultiPoint"",""coordinates"":[]}"
318,544156.0,AGRICULTURAL AREAS,FOREST AND SEMI[1]NATURAL AREAS,"{""type"":""MultiPoint"",""coordinates"":[]}"
325,375256.0,WATER BODIES,FOREST AND SEMI[1]NATURAL AREAS,"{""type"":""MultiPoint"",""coordinates"":[]}"
328,6622.0,ARTIFICIAL SURFACES,WETLANDS,"{""type"":""MultiPoint"",""coordinates"":[]}"
329,1279575.0,AGRICULTURAL AREAS,WETLANDS,"{""type"":""MultiPoint"",""coordinates"":[]}"
330,13244.0,AGRICULTURAL AREAS,WETLANDS,"{""type"":""MultiPoint"",""coordinates"":[]}"
331,652524.0,AGRICULTURAL AREAS,WETLANDS,"{""type"":""MultiPoint"",""coordinates"":[]}"
332,6659.0,AGRICULTURAL AREAS,WETLANDS,"{""type"":""MultiPoint"",""coordinates"":[]}"
333,185721.0,FOREST AND SEMI[1]NATURAL AREAS,WETLANDS,"{""type"":""MultiPoint"",""coordinates"":[]}"
334,3363015.0,FOREST AND SEMI[1]NATURAL AREAS,WETLANDS,"{""type"":""MultiPoint"",""coordinates"":[]}"
335,2987031.0,FOREST AND SEMI[1]NATURAL AREAS,WETLANDS,"{""type"":""MultiPoint"",""coordinates"":[]}"
338,6585.0,ARTIFICIAL SURFACES,WATER BODIES,"{""type"":""MultiPoint"",""coordinates"":[]}"
339,118413.0,ARTIFICIAL SURFACES,WATER BODIES,"{""type"":""MultiPoint"",""coordinates"":[]}"
340,13204.0,ARTIFICIAL SURFACES,WATER BODIES,"{""type"":""MultiPoint"",""coordinates"":[]}"
341,6570.0,ARTIFICIAL SURFACES,WATER BODIES,"{""type"":""MultiPoint"",""coordinates"":[]}"
342,19876.0,ARTIFICIAL SURFACES,WATER BODIES,"{""type"":""MultiPoint"",""coordinates"":[]}"
343,26260.0,ARTIFICIAL SURFACES,WATER BODIES,"{""type"":""MultiPoint"",""coordinates"":[]}"
344,92728.0,AGRICULTURAL AREAS,WATER BODIES,"{""type"":""MultiPoint"",""coordinates"":[]}"
345,32893.0,AGRICULTURAL AREAS,WATER BODIES,"{""type"":""MultiPoint"",""coordinates"":[]}"
346,6649.0,AGRICULTURAL AREAS,WATER BODIES,"{""type"":""MultiPoint"",""coordinates"":[]}"
347,19681.0,AGRICULTURAL AREAS,WATER BODIES,"{""type"":""MultiPoint"",""coordinates"":[]}"
348,46284.0,FOREST AND SEMI[1]NATURAL AREAS,WATER BODIES,"{""type"":""MultiPoint"",""coordinates"":[]}"
349,6684.0,FOREST AND SEMI[1]NATURAL AREAS,WATER BODIES,"{""type"":""MultiPoint"",""coordinates"":[]}"
352,26724.0,ARTIFICIAL SURFACES,WATER BODIES,"{""type"":""MultiPoint"",""coordinates"":[]}"
353,692278.0,ARTIFICIAL SURFACES,WATER BODIES,"{""type"":""MultiPoint"",""coordinates"":[]}"
354,2.2952324E7,ARTIFICIAL SURFACES,WATER BODIES,"{""type"":""MultiPoint"",""coordinates"":[]}"
355,273698.0,ARTIFICIAL SURFACES,WATER BODIES,"{""type"":""MultiPoint"",""coordinates"":[]}"
356,98682.0,ARTIFICIAL SURFACES,WATER BODIES,"{""type"":""MultiPoint"",""coordinates"":[]}"
357,13169.0,ARTIFICIAL SURFACES,WATER BODIES,"{""type"":""MultiPoint"",""coordinates"":[]}"
358,72484.0,ARTIFICIAL SURFACES,WATER BODIES,"{""type"":""MultiPoint"",""coordinates"":[]}"
359,2.6609542E7,AGRICULTURAL AREAS,WATER BODIES,"{""type"":""MultiPoint"",""coordinates"":[]}"
360,4461528.0,AGRICULTURAL AREAS,WATER BODIES,"{""type"":""MultiPoint"",""coordinates"":[]}"
361,13618.0,AGRICULTURAL AREAS,WATER BODIES,"{""type"":""MultiPoint"",""coordinates"":[]}"
362,3689105.0,AGRICULTURAL AREAS,WATER BODIES,"{""type"":""MultiPoint"",""coordinates"":[]}"
363,5854687.0,FOREST AND SEMI[1]NATURAL AREAS,WATER BODIES,"{""type"":""MultiPoint"",""coordinates"":[]}"
364,20104.0,FOREST AND SEMI[1]NATURAL AREAS,WATER BODIES,"{""type"":""MultiPoint"",""coordinates"":[]}"
365,60964.0,FOREST AND SEMI[1]NATURAL AREAS,WATER BODIES,"{""type"":""MultiPoint"",""coordinates"":[]}"
366,159045.0,FOREST AND SEMI[1]NATURAL AREAS,WATER BODIES,"{""type"":""MultiPoint"",""coordinates"":[]}"
367,482415.0,WETLANDS,WATER BODIES,"{""type"":""MultiPoint"",""coordinates"":[]}"
